에어컨,중풍,23
에어컨,중풍,23
에어컨,중풍,23
에어컨,중풍,23
에어컨,중풍,23
에어컨,중풍,23
에어컨,중풍,23
제어가전없음,출력없음,온도없음
제어가전없음,출력없음,온도없음
제어가전없음,출력없음,온도없음
제어가전없음,출력없음,온도없음
제어가전없음,출력없음,온도없음
제어가전없음,출력없음,온도없음
제어가전없음,출력없음,온도없음
제어가전없음,출력없음,온도없음
제어가전없음,출력없음,온도없음
제어가전없음,출력없음,온도없음
제어가전없음,출력없음,온도없음
제어가전없음,출력없음,온도없음
제어가전없음,출력없음,온도없음
에어컨,강풍,22
제어가전없음,출력없음,온도없음
제어가전없음,출력없음,온도없음
제어가전없음,출력없음,온도없음
제어가전없음,출력없음,온도없음
제어가전없음,출력없음,온도없음
제어가전없음,출력없음,온도없음
제어가전없음,출력없음,온도없음
제어가전없음,출력없음,온도없음
제어가전없음,출력없음,온도없음
제어가전없음,출력없음,온도없음
제어가전없음,출력없음,온도없음
제어가전없음,출력없음,온도없음
제어가전없음,출력없음,온도없음
제어가전없음,출력없음,온도없음
제어가전없음,출력없음,온도없음
에어컨,강풍,21
제어가전없음,출력없음,온도없음
제어가전없음,출력없음,온도없음
제어가전없음,출력없음,온도없음
제어가전없음,출력없음,온도없음
에어컨,강풍,22
에어컨,강풍,22
에어컨,강풍,22
제어가전없음,출력없음,온도없음
제어가전없음,출력없음,온도없음
제어가전없음,출력없음,온도없음
제어가전없음,출력없음,온도없음
제어가전없음,출력없음,온도없음
제어가전없음,출력없음,온도없음
제어가전없음,출력없음,온도없음
제어가전없음,출력없음,온도없음
제어가전없음,출력없음,온도없음
제어가전없음,출력없음,온도없음
제어가전없음,출력없음,온도없음
제어가전없음,출력없음,온도없음
제어가전없음,출력없음,온도없음
제어가전없음,출력없음,온도없음
에어컨,강풍,22
에어컨,강풍,22
제어가전없음,출력없음,온도없음
에어컨,강풍,22
에어컨,강풍,22
에어컨,강풍,22
에어컨,강풍,22
에어컨,강풍,22
에어컨,강풍,22
에어컨,강풍,22
에어컨,강풍,22
에어컨,강풍,22
제어가전없음,출력없음,온도없음
제어가전없음,출력없음,온도없음
제어가전없음,출력없음,온도없음
제어가전없음,출력없음,온도없음
제어가전없음,출력없음,온도없음
제어가전없음,출력없음,온도없음
제어가전없음,출력없음,온도없음
제어가전없음,출력없음,온도없음
제어가전없음,출력없음,온도없음
제어가전없음,출력없음,온도없음
제어가전없음,출력없음,온도없음
에어컨,강풍,22
제어가전없음,출력없음,온도없음
제어가전없음,출력없음,온도없음
제어가전없음,출력없음,온도없음
제어가전없음,출력없음,온도없음
제어가전없음,출력없음,온도없음
제어가전없음,출력없음,온도없음
제어가전없음,출력없음,온도없음
제어가전없음,출력없음,온도없음
제어가전없음,출력없음,온도없음
제어가전없음,출력없음,온도없음
에어컨,강풍,22
에어컨,강풍,22
에어컨,강풍,22
제어가전없음,출력없음,온도없음
제어가전없음,출력없음,온도없음
제어가전없음,출력없음,온도없음
제어가전없음,출력없음,온도없음
제어가전없음,출력없음,온도없음
제어가전없음,출력없음,온도없음
제어가전없음,출력없음,온도없음
제어가전없음,출력없음,온도없음
에어컨,강풍,22
제어가전없음,출력없음,온도없음
제어가전없음,출력없음,온도없음
제어가전없음,출력없음,온도없음
제어가전없음,출력없음,온도없음
제어가전없음,출력없음,온도없음
제어가전없음,출력없음,온도없음
제어가전없음,출력없음,온도없음
제어가전없음,출력없음,온도없음
제어가전없음,출력없음,온도없음
제어가전없음,출력없음,온도없음
제어가전없음,출력없음,온도없음
제어가전없음,출력없음,온도없음
제어가전없음,출력없음,온도없음
제어가전없음,출력없음,온도없음
제어가전없음,출력없음,온도없음
제어가전없음,출력없음,설정온도없음
제어가전없음,출력없음,설정온도없음
제어가전없음,출력없음,설정온도없음
제어가전없음,출력없음,설정온도없음
제어가전없음,출력없음,설정온도없음
제어가전없음,출력없음,설정온도없음
제어가전없음,출력없음,설정온도없음
제어가전없음,출력없음,설정온도없음
제어가전없음,출력없음,설정온도없음
제어가전없음,출력없음,설정온도없음
제어가전없음,출력없음,설정온도없음
제어가전없음,출력없음,설정온도없음
제어가전없음,출력없음,설정온도없음
제어가전없음,출력없음,설정온도없음
제어가전없음,출력없음,설정온도없음
제어가전없음,출력없음,설정온도없음
제어가전없음,출력없음,설정온도없음
제어가전없음,출력없음,설정온도없음
제어가전없음,출력없음,설정온도없음
제어가전없음,출력없음,설정온도없음
제어가전없음,출력없음,설정온도없음
제어가전없음,출력없음,설정온도없음
제어가전없음,출력없음,설정온도없음
제어가전없음,출력없음,설정온도없음
제어가전없음,출력없음,설정온도없음
제어가전없음,출력없음,설정온도없음
제어가전없음,출력없음,설정온도없음
제어가전없음,출력없음,설정온도없음
제어가전없음,출력없음,설정온도없음
제어가전없음,출력없음,설정온도없음
제어가전없음,출력없음,설정온도없음
제어가전없음,출력없음,설정온도없음
제어가전없음,출력없음,설정온도없음
제어가전없음,출력없음,설정온도없음
제어가전없음,출력없음,설정온도없음
제어가전없음,출력없음,설정온도없음
